,mean,variance
Loose,-0.06813989714756866,1.7852756800064213
Tight,0.18742154523462964,10.001926794287789
