,Loose,Tight
Loose,0.9889670990192977,0.01103290098070231
Tight,0.010814791844329017,0.989185208155671
