,return,volatility,sharpe,return_vol_ratio
BL,0.14258785680891625,0.13850836053733132,0.7406618373861004,1.029453068794973
MVO Min Vol,0.08625767833933912,0.0804480850728785,0.575000365731937,1.0722154326134383
MVO Semivariance,0.19999637153942587,0.2379640933770614,0.6723550989094255,0.8404476856200548
MVO CVaR,0.0879656268073433,0.08089519391209872,0.5929354327212947,1.0874023851519208
HRP,0.09419833929589412,0.08516865601111835,0.6363648533894769,1.1060212020205766
NCO,0.06968972867197264,0.0705450401732048,0.4208620279905903,0.9878756678126177
