,annual_return,annual_volatility,excess_return_vs_equal_weight,excess_return_vs_sp500,sharpe,sortino,max_drawdown,time_to_recover_months,monthly_var_5pct,monthly_cvar_5pct
BL,0.20806584298034492,0.15677193484390387,0.04616896943804258,0.06266249541898944,1.072040369647069,2.1215401355202426,-0.1931440566213325,5.0,-0.04844751603357403,-0.06984117675057624
MVO Min Vol,0.19861474649889044,0.14915917398517195,0.0367178729565881,0.05321139893753496,1.063392497163188,2.1144493347894833,-0.18001885146102015,4.0,-0.04639565016466771,-0.06679798702640728
HRP,0.19334357211404068,0.14673056304326404,0.031446698571738346,0.04794022455268521,1.0450690635517208,2.0943813013899515,-0.178026033678356,5.0,-0.04527713406885439,-0.06551163553615362
NCO,0.19706220023425955,0.14846790519175243,0.03516532669195721,0.05165885267290407,1.0578865515170246,2.119637400884406,-0.17927827287833165,4.0,-0.046062256501435056,-0.06634369128655458
Equal Weight,0.16189687354230234,0.11515045551770829,0.0,0.01649352598094686,1.0585878535544009,1.6756443103329675,-0.1617952552687828,4.0,-0.04598221302321556,-0.060444196586425705
S&P 500,0.14540334756135548,0.14418611027417005,-0.01649352598094686,0.0,0.7310228936818594,1.1036630801806204,-0.239271891452442,15.0,-0.061655455528290604,-0.08365123107708641
