factor,largest_positive_asset,largest_positive_exposure,largest_negative_asset,largest_negative_exposure
VIX Tightness Shock,DE,0.02277174503954501,LMT,-0.05649475062160417
HY Spread Tightness Shock,MS,0.0293228882370536,DE,-0.03758641766873929
T10Y2Y Tightness Shock,MS,0.024129370023236736,LMT,-0.05001528477956175
Equity Market Beta,MS,0.01244910261564826,EME,-0.031215397873445076
TIPS Duration Beta,ORLY,0.010730364872086331,DE,-0.03395526972813202
Credit Market Beta,XOM,0.018512457246775433,ORLY,-0.026709167961443743
Downside Market Shock,XOM,0.020156666817807336,EME,-0.028959448342714883
Real Yield Shock,ORLY,0.004908599684607812,XOM,-0.02490126112060867
