,Macro Tightness Shock,Downside Market,Credit Liquidity Shock,Real Yield Shock,Curve Shock
Macro Tightness Shock,1.0,-0.2533954720095498,0.29727020747893107,0.20320170090418607,0.24358298647934376
Downside Market,-0.2533954720095498,1.0,-0.4689121617970979,-0.37203667815918257,-0.47648328233402815
Credit Liquidity Shock,0.29727020747893107,-0.4689121617970979,1.0,0.22591666742134814,0.7852624153895942
Real Yield Shock,0.20320170090418607,-0.37203667815918257,0.22591666742134814,1.0,0.25425532571821197
Curve Shock,0.24358298647934376,-0.47648328233402815,0.7852624153895942,0.25425532571821197,1.0
